NO ENTRY: Abgeordnetenhaus von Berlin, Preußischer Landtag
NO ENTRY: AEG-Turbinenhalle
NO ENTRY: Allianz-Bürohaus
NO ENTRY: Altes und Neues Stadthaus
NO ENTRY: ARD-Hauptstadtstudio, Presse- und Informationsamt der Bundesregierung
NO ENTRY: Berolinahaus, Alexanderhaus
NO ENTRY: Botschaft der Schweiz
NO ENTRY: Brecht-Haus
NO ENTRY: Bundesfinanzministerium, Detlev-Rohwedder-Haus
NO ENTRY: DZ Bank (ehemals DG-Bank) am Pariser Platz
NO ENTRY: Gärten der Welt im Erholungspark Marzahn
NO ENTRY: Galopprennbahn Hoppegarten
NO ENTRY: Gedenkort für die Opfer der NS-"Euthanasie"-Morde
NO ENTRY: Gedenkstätte und Museum Sachsenhausen
NO ENTRY: Georg Elser Denkmal
NO ENTRY: Geschichtspark Zellengefängnis Moabit
NO ENTRY: Haus des Lehrers und Kongresshalle
NO ENTRY: Haus des Rundfunks, Rundfunk Berlin-Brandenburg (rbb)
NO ENTRY: Holländisches Viertel in Potsdam
NO ENTRY: Humboldt Universität - Altes Palais
NO ENTRY: ICC - Internationales Congress Centrum
NO ENTRY: Invalidenfriedhof
NO ENTRY: Islamischer Friedhof am Columbiadamm
NO ENTRY: Jüdischer Friedhof Schönhauser Allee
NO ENTRY: Jüdisches Gemeindehaus
NO ENTRY: Kirchhöfe Bergmannstraße
NO ENTRY: Kleistgrab am Kleinen Wannsee
NO ENTRY: Kollhoff-Hochhaus
NO ENTRY: Landesvertretungen
NO ENTRY: Mahnmal Gleis 17
NO ENTRY: Markthalle VI, Ackerhalle
NO ENTRY: Mauergedenkstätte Brandenburger Tor
NO ENTRY: Mühlendamm, Mühlendammbrücke
NO ENTRY: Museumszentrum Dahlem
NO ENTRY: Nicolaihaus
NO ENTRY: Nikolaikirche Mitte
NO ENTRY: Nikolaikirche Spandau
NO ENTRY: Olympiagelände
NO ENTRY: Palais Podewil
NO ENTRY: Pergamonmuseum
NO ENTRY: Planetarium und Wilhelm-Foerster-Sternwarte am Insulaner
NO ENTRY: Quartier Schützenstraße
NO ENTRY: Ribbeckhaus
NO ENTRY: Russisch-Orthodoxer Friedhof Tegel
NO ENTRY: Schauspielhaus am Gendarmenmarkt, Konzerthaus
NO ENTRY: Schloss Bellevue, Bundespräsidialamt
NO ENTRY: Schloss Cecilienhof (Potsdam)
NO ENTRY: Schloss Sanssouci in Potsdam
NO ENTRY: Schloss und Schlosspark Biesdorf
NO ENTRY: Schlosspark Charlottenburg
NO ENTRY: Schlosspark Schönhausen
NO ENTRY: Siedlung Lindenhof
NO ENTRY: Sowjetisches Ehrenmal Treptow
NO ENTRY: Spandauer Vorstadt
NO ENTRY: Staatsbibliothek Potsdamer Straße
NO ENTRY: Staatsbibliothek Unter den Linden
NO ENTRY: Stadtgericht Mitte
NO ENTRY: Stadtschloss Berlin
NO ENTRY: Strausberger Platz und Frankfurter Allee
NO ENTRY: Tiergartenviertel
NO ENTRY: Treptowers und Molecule Man
NO ENTRY: Volkspark Wilmersdorf, Rudolph-Wilde-Park
NO ENTRY: Waldsiedlung Zehlendorf
NO ENTRY: Wasserstadt Stralau
NO ENTRY: Werksanlagen Siemensstadt
NO ENTRY: Willy-Brandt-Haus, Bundesparteizentrale SPD
NO ENTRY: Wohnpark am Berlin Museum