Akademie der Künste, 4, Pariser Platz, Mitte, Berlin, 10117, Deutschland	52.5154125	13.3796180233087	arts_centre
Alexanderplatz, Scheunenviertel, Mitte, Alt-Berlin, Berlin, 10178, Deutschland	52.5219447	13.4134828042567	pedestrian
Alte Bibliothek, Bebelplatz, Scheunenviertel, Mitte, Berlin, 10117, Deutschland	52.51646715	13.3930659548784	yes
Alte Nationalgalerie, Spreepromenade, Scheunenviertel, Mitte, Alt-Berlin, Berlin, 10178, Deutschland	52.520862	13.398266124901	museum
Alter Garnisonfriedhof, Mitte, Berlin, 10119, Deutschland	52.5284512	13.4040106574876	cemetery
Alter St.-Matthäus-Kirchhof, 10-12, Schöneberg, Tempelhof-Schöneberg, Berlin, 10829, Deutschland	52.48983315	13.3672234947005	cemetery
Altes Museum, Am Lustgarten, Scheunenviertel, Mitte, Alt-Berlin, Berlin, 10178, Deutschland	52.51945545	13.3987872874392	museum
Amerika-Gedenk-Bibliothek, 1, Blücherplatz, Kreuzberg, Friedrichshain-Kreuzberg, Berlin, 10961, Deutschland	52.4965906	13.3925754	library
Anhalter Bahnhof, Askanischer Platz, Kreuzberg, Friedrichshain-Kreuzberg, Berlin, 10963, Deutschland	52.5039958	13.3816479	taxi
Aquarium Berlin, 32, Budapester Straße, Tiergarten, Mitte, Berlin, 10787, Deutschland	52.50600265	13.3408516463823	aquarium
Archenhold-Sternwarte, Alt-Treptow, Treptow-Köpenick, Berlin, 12435, Deutschland	52.48589885	13.4763582143539	museum
Australische Botschaft, Wallstraße, Scheunenviertel, Mitte, Berlin, 10179, Deutschland	52.5122655	13.4093648	embassy
Auswärtiges Amt, 1, Werderscher Markt, Scheunenviertel, Mitte, Berlin, 10117, Deutschland	52.5153763	13.3989691	commercial
S+U-Bhf. Zoologischer Garten / Hardenbergplatz, Hardenbergplatz, Charlottenburg, Charlottenburg-Wilmersdorf, Berlin, 10623, Deutschland	52.5075105	13.3337814	bicycle_rental
Bauhaus Archiv, Herkulesufer, Tiergarten, Mitte, Berlin, 10785, Deutschland	52.5063451	13.3539123	museum
Bebelplatz, Scheunenviertel, Mitte, Berlin, 10117, Deutschland	52.5159858	13.394367	residential
Bergmannstraße, Kreuzberg, Friedrichshain-Kreuzberg, Berlin, 10961, Deutschland	52.4890419	13.3942448	tertiary
Berliner Dom, 1, Am Lustgarten, Scheunenviertel, Mitte, Alt-Berlin, Berlin, 10178, Deutschland	52.5190866	13.4010920480374	place_of_worship
Berliner Mauer, Niederkirchnerstraße, Mitte, Berlin, 10117, Deutschland	52.5073455	13.3853214	citywalls
Blockhaus Nikolskoe, 15, Nikolskoer Weg, Wannsee, Steglitz-Zehlendorf, Berlin, 14109, Deutschland	52.4244424	13.1163106	restaurant
Bode-Museum, 1-3, Am Kupfergraben, Scheunenviertel, Mitte, Berlin, 10117, Deutschland	52.5216541	13.3949814315804	museum
Borsigturm, Berliner Straße, Tegel, Reinickendorf, Berlin, 13507, Deutschland	52.5855253	13.2873253	taxi
Botanischer Garten, Willdenowstraße, Lichterfelde, Steglitz-Zehlendorf, Berlin, 12203, Deutschland	52.4541857	13.3043155853315	attraction
Botschaft der Vereinigten Arabischen Emirate, 18-20, Hiroshimastraße, Tiergarten, Mitte, Berlin, 10785, Deutschland	52.5079831	13.3573730154554	embassy
Boulevard der Stars, Tiergarten, Mitte, Berlin, 10785, Deutschland	52.50935365	13.3745887791358	pedestrian
Brandenburger Tor, 1, Pariser Platz, Mitte, Berlin, 10117, Deutschland	52.5160506	13.3777595076277	attraction
Breitscheidplatz, Charlottenburg, Charlottenburg-Wilmersdorf, Berlin, 10789, Deutschland	52.5047884	13.33613031516	pedestrian
Britische Botschaft, Wilhelmstraße, Mitte, Berlin, 10117, Deutschland	52.5155641	13.3808133	embassy
Britzer Garten, Hauptbrücke, Britz, Neukölln, Berlin, 12349, Deutschland	52.43305585	13.4162405497744	park
Bundeskanzleramt, 1, Willy-Brandt-Straße, Tiergarten, Mitte, Berlin, 10557, Deutschland	52.52004565	13.369132804163	attraction
Carillon, Große Querallee, Tiergarten, Mitte, Berlin, 10557, Deutschland	52.5177582	13.36698475	yes
Chamissoplatz, Kreuzberg, Friedrichshain-Kreuzberg, Berlin, 10965, Deutschland	52.4881505	13.391611	residential
Checkpoint Charlie, Friedrichstraße, Kreuzberg, Friedrichshain-Kreuzberg, Berlin, 10969, Deutschland	52.507546	13.390361	attraction
Deutsche Oper ( Von 19:00 bis 1:00 Uhr ), Bismarckstraße, Charlottenburg, Charlottenburg-Wilmersdorf, Berlin, 10627, Deutschland	52.5118773	13.3087937	taxi
Deutscher Dom, Gendarmenmarkt, Scheunenviertel, Mitte, Berlin, 10117, Deutschland	52.51270865	13.3927148629874	yes
Dorotheenstädtischer Friedhof, Liesenstraße, Gesundbrunnen, Mitte, Berlin, 13355, Deutschland	52.5401514	13.377923	cemetery
East Side Gallery, Mühlenstraße, Friedrichshain, Friedrichshain-Kreuzberg, Berlin, 10243, Deutschland	52.5057299	13.4382082	attraction
Ehrenmal für die Bundeswehr, Hildebrandstraße, Tiergarten, Mitte, Berlin, 10785, Deutschland	52.5075736	13.3591829113085	memorial
Ephraim-Palais, 16, Poststraße, Scheunenviertel, Mitte, Alt-Berlin, Berlin, 10178, Deutschland	52.5158614	13.4071969545355	museum
Ermelerhaus, Märkisches Ufer, Scheunenviertel, Mitte, Berlin, 10179, Deutschland	52.51264455	13.4096243910464	yes
Ernst-Reuter-Platz, Charlottenburg, Charlottenburg-Wilmersdorf, Berlin, 10587, Deutschland	52.5126074	13.3218682118283	village_green
Ärztehaus am Europacenter, 67, Nürnberger Straße, Charlottenburg, Charlottenburg-Wilmersdorf, Berlin, 10787, Deutschland	52.5043794	13.3409193	doctors
Fasanenstraße, Charlottenburg, Charlottenburg-Wilmersdorf, Berlin, 10623, Deutschland	52.5028823	13.3274238	residential
Fernsehturm, Panoramastraße, Scheunenviertel, Mitte, Alt-Berlin, Berlin, 10178, Deutschland	52.5208175	13.4094213056132	attraction
Finnenhaussiedlung, Lichterfelde, Steglitz-Zehlendorf, Berlin, 12209, Deutschland	52.41868485	13.3161656495322	residential
Fischerinsel, Scheunenviertel, Mitte, Berlin, 10179, Deutschland	52.5138202	13.4060851	tertiary
Tanzschule Traumtänzer, 8 - 10, Columbiadamm, Tempelhof, Tempelhof-Schöneberg, Berlin, 12101, Deutschland	52.4839693	13.3904579	dance
Fort Hahneberg, 50, Hahnebergweg, Wochendsiedlung, Staaken, Spandau, Berlin, 13591, Deutschland	52.52155845	13.1379238922338	attraction
Fraenkelufer, Graefekiez, Kreuzberg, Friedrichshain-Kreuzberg, Berlin, 10999, Deutschland	52.4955188	13.4152235	living_street
Französische Botschaft, 5, Pariser Platz, Mitte, Berlin, 10117, Deutschland	52.51716535	13.3794991750892	house
Französischer Dom, 5, Gendarmenmarkt, Scheunenviertel, Mitte, Berlin, 10117, Deutschland	52.51435075	13.3923940784738	yes
Freie Universität Berlin, Garystraße, Dahlem, Steglitz-Zehlendorf, Berlin, 14195, Deutschland	52.4474741	13.2811666608192	university
FEZ-Berlin, Eichgestell, Oberschöneweide, Treptow-Köpenick, Berlin, 12459, Deutschland	52.46136315	13.5490853921859	community_centre
Friedhöfe am Mehringdamm, Kreuzberg, Friedrichshain-Kreuzberg, Berlin, 10961, Deutschland	52.4951783	13.3923909988521	cemetery
Friedhof der Märzgefallenen, Ernst-Zinna-Weg, Friedrichshain, Friedrichshain-Kreuzberg, Berlin, 10249, Deutschland	52.5245758	13.4367010061941	memorial
Friedrichstadt-Passagen, Jägerstraße, Mitte, Berlin, 10117, Deutschland	52.5134807	13.3900612830157	attraction
Friedrichstadt-Palast, 107, Friedrichstraße, Mitte, Berlin, 10117, Deutschland	52.5239216	13.3888786	theatre
Friedrichstraße, Mitte, Berlin, 10117, Deutschland	52.5147422	13.3891934	secondary
Friedrichswerdersche Kirche, 1, Werderscher Markt, Scheunenviertel, Mitte, Berlin, 10117, Deutschland	52.51585785	13.3975390011271	museum
Funkturm, zu Halle 14, Messe Berlin, Westend, Charlottenburg-Wilmersdorf, Berlin, 14055, Deutschland	52.5050176	13.2781410304328	attraction
Gartenstadt Falkenberg (UNESCO-Welterbe), Akazienhof, Bohnsdorf, Treptow-Köpenick, Falkenberg, Berlin, 12524, Deutschland	52.41081335	13.5671912222414	attraction
Gasometer Schöneberg, 17, Zufahrt Tiefgarage, EUREF Europäisches Energie Forum, Schöneberg, Tempelhof-Schöneberg, Berlin, 10829, Deutschland	52.48139365	13.3572640499531	gasometer
Gendarmenmarkt, Scheunenviertel, Mitte, Berlin, 10117, Deutschland	52.5136258	13.3927766249696	pedestrian
Glienicker Brücke, Wannsee, Steglitz-Zehlendorf, Berlin, 14109, Deutschland	52.413459	13.0913285	primary
Alecsa Hotel am Olympiastadion, 30, Glockenturmstraße, Westend, Charlottenburg-Wilmersdorf, Berlin, 14055, Deutschland	52.5109782	13.2207572	hotel
Görlitzer Park, ehem. Görlitzer Tunnel, Kreuzberg, Friedrichshain-Kreuzberg, Berlin, 10999, Deutschland	52.49658125	13.4375502644873	park
Haus A: Großes Tropenhaus, Zeunepromenade, Steglitz, Steglitz-Zehlendorf, Berlin, 12165, Deutschland	52.4565528	13.3073760958026	attraction
Grunewald, Charlottenburg-Wilmersdorf, Berlin, Deutschland	52.48357	13.2369584	administrative
Grunewaldturm, Havelchaussee, Grunewald, Charlottenburg-Wilmersdorf, Berlin, 14129, Deutschland	52.47820225	13.19675065	attraction
GSW Hochhaus, Toeplerstraße, Charlottenburg-Nord, Charlottenburg-Wilmersdorf, Berlin, 13627, Deutschland	52.53778115	13.2809193831984	yes
Bis es mir vom Leibe fällt, 40/41, Rosenthaler Straße, Scheunenviertel, Mitte, Alt-Berlin, Berlin, 10178, Deutschland	52.5245668	13.4013912	clothes
Hamburger Bahnhof, 50-51, Invalidenstraße, Moabit, Mitte, Berlin, 10557, Deutschland	52.52863125	13.3718677993698	attraction
Hansaviertel, Mitte, Berlin, Deutschland	52.5191234	13.3418725	administrative
Wiener Feinbäckerei Heberer, 1, Europaplatz, Moabit, Mitte, Berlin, 10557, Deutschland	52.52496625	13.3701402710762	bakery
Haus der Kulturen der Welt, John-Foster-Dulles-Allee, Tiergarten, Mitte, Berlin, 10557, Deutschland	52.5175662	13.3632403	bus_stop
Hausvogteiplatz, Scheunenviertel, Mitte, Berlin, 10117, Deutschland	52.5131718	13.3962644	residential
Heilig-Kreuz-Kirche, 3a, Hildegardstraße, Wilmersdorf, Charlottenburg-Wilmersdorf, Berlin, 10715, Deutschland	52.48209735	13.3279619616253	place_of_worship
Holocaust-Mahnmal, 1, Cora-Berliner-Straße, Mitte, Berlin, 10117, Deutschland	52.5140698	13.3786999509583	attraction
Adlon Kempinski, 77, Unter den Linden, Mitte, Berlin, 10117, Deutschland	52.51560195	13.3801671109822	hotel
Park Inn by Radisson Berlin City West, 6, Emser Straße, Wilmersdorf, Charlottenburg-Wilmersdorf, Berlin, 10719, Deutschland	52.4936072	13.3197695	hotel
Hufeisensiedlung, Lowise-Reuter-Ring, Britz, Neukölln, Berlin, 12359, Deutschland	52.4479647	13.4483898	UNESCO_world_heritage
Humboldt-Box, 5, Schloßplatz, Scheunenviertel, Mitte, Alt-Berlin, Berlin, 10178, Deutschland	52.51767715	13.4004705972705	attraction
Coffeebar HU, 4, Universitätsstraße, Scheunenviertel, Mitte, Berlin, 10117, Deutschland	52.5189879	13.3925988	cafe
Indische Botschaft, 17, Tiergartenstraße, Tiergarten, Mitte, Berlin, 10785, Deutschland	52.50940475	13.3620545544124	embassy
Italienische Botschaft, Hildebrandstraße, Tiergarten, Mitte, Berlin, 10785, Deutschland	52.5093269	13.3597359106335	embassy
Jagdschloss Grunewald, 100, Hüttenweg, Dahlem, Steglitz-Zehlendorf, Berlin, 14193, Deutschland	52.46708705	13.2618948703619	museum
Jüdischer Friedhof Berlin-Weißensee, Weißensee, Pankow, Berlin, 13088, Deutschland	52.5418159	13.4643830677254	cemetery
Jüdisches Museum, 9-14, Lindenstraße, Kreuzberg, Friedrichshain-Kreuzberg, Berlin, 10969, Deutschland	52.5018509	13.3961993581965	museum
KaDeWe, Tauentzienstraße, Schöneberg, Tempelhof-Schöneberg, Berlin, 10789, Deutschland	52.5023223	13.3409904	taxi
Kaiser-Wilhelm-Gedächtniskirche, Breitscheidplatz, Charlottenburg, Charlottenburg-Wilmersdorf, Berlin, 10789, Deutschland	52.5048232	13.3352674	attraction
Karl-Marx-Allee, Scheunenviertel, Mitte, Alt-Berlin, Berlin, 10178, Deutschland	52.5189395	13.426303	primary
Ruine der Franziskaner-Klosterkirche, Klosterstraße, Scheunenviertel, Mitte, Berlin, 10179, Deutschland	52.5184314	13.412494143027	yes
Köllnischer Park, Wallstraße, Scheunenviertel, Mitte, Berlin, 10179, Deutschland	52.51315735	13.4141740477925	park
Kollwitzplatz, Kollwitzstraße, Kollwitzkiez, Prenzlauer Berg, Pankow, Berlin, 10435, Deutschland	52.5360147	13.4170585479404	park
Komische Oper Berlin, 55-57, Behrenstraße, Mitte, Berlin, 10117, Deutschland	52.5156648	13.3869856	theatre
Kronprinzenpalais, 3, Unter den Linden, Scheunenviertel, Mitte, Berlin, 10117, Deutschland	52.5170694	13.3968381127049	yes
Kulturbrauerei, 36, Schönhauser Allee, Kollwitzkiez, Prenzlauer Berg, Pankow, Berlin, 10435, Deutschland	52.53925885	13.4136201318009	attraction
Kulturforum, Matthäikirchplatz, Tiergarten, Mitte, Berlin, 10785, Deutschland	52.50844345	13.3677480112489	attraction
Kurfürstendamm, Charlottenburg, Charlottenburg-Wilmersdorf, Berlin, 10719, Deutschland	52.5025919	13.3252605	secondary
Leipziger Platz, Mitte, Berlin, 10117, Deutschland	52.5096005	13.3774269	primary
Leipziger Straße, Mitte, Berlin, 10117, Deutschland	52.5104474	13.3918337	primary
Industrie- und Handelskammer zu Berlin, 85, Fasanenstraße, Charlottenburg, Charlottenburg-Wilmersdorf, Berlin, 10623, Deutschland	52.5067994	13.3285983412049	public_building
Lustgarten, Am Lustgarten, Scheunenviertel, Mitte, Alt-Berlin, Berlin, 10178, Deutschland	52.51863405	13.3996341133905	park
Märchenbrunnen, Am Friedrichshain, Kollwitzkiez, Prenzlauer Berg, Pankow, Berlin, 10249, Deutschland	52.5279805	13.4267984	attraction
Märkisches Museum, 5, Am Köllnischen Park, Scheunenviertel, Mitte, Berlin, 10179, Deutschland	52.5135176	13.4148701386337	museum
Maria Regina Martyrum, 230, Heckerdamm, Charlottenburg-Nord, Charlottenburg-Wilmersdorf, Berlin, 13627, Deutschland	52.54035135	13.2984810143746	place_of_worship
Marie-Elisabeth-Lüders-Haus, Schiffbauerdamm, Mitte, Berlin, 10117, Deutschland	52.5202064	13.3782921430211	attraction
Martin-Gropius-Bau, 7, Niederkirchnerstraße, Mitte, Berlin, 10963, Deutschland	52.50668265	13.3819743496728	museum
Marx-Engels-Forum, Karl-Liebknecht-Straße, Scheunenviertel, Mitte, Alt-Berlin, Berlin, 10178, Deutschland	52.518934	13.4037267799582	park
Mauerpark, Schwedter Straße, Arnimkiez, Prenzlauer Berg, Pankow, Berlin, 10437, Deutschland	52.54399115	13.4022585165627	park
Mexikanische Botschaft, 3, Klingelhöferstraße, Tiergarten, Mitte, Berlin, 10785, Deutschland	52.5081094	13.3511436996566	embassy
Modellpark Berlin-Brandenburg, 4, Eichgestell, Oberschöneweide, Treptow-Köpenick, Berlin, 12459, Deutschland	52.4676026	13.5277843311635	attraction
Molkenmarkt, Scheunenviertel, Mitte, Alt-Berlin, Berlin, 10179, Deutschland	52.5170918	13.4090497	primary
Mossehaus, Jerusalemer Straße, Mitte, Berlin, 10117, Deutschland	52.50855165	13.396735161874	yes
Müggelturm, Kammweg, Köpenick, Treptow-Köpenick, Berlin, 12559, Deutschland	52.4172753	13.6250424	viewpoint
Museumsinsel, Bodestraße, Scheunenviertel, Mitte, Alt-Berlin, Berlin, 10178, Deutschland	52.51975545	13.3982027098768	attraction
Neptunbrunnen, Spandauer Straße, Scheunenviertel, Mitte, Alt-Berlin, Berlin, 10178, Deutschland	52.5195871	13.4068573245652	attraction
Neue Nationalgalerie, 50, Potsdamer Straße, Tiergarten, Mitte, Berlin, 10785, Deutschland	52.50698135	13.3675895135931	museum
Neue Synagoge, 28-30, Oranienburger Straße, Scheunenviertel, Mitte, Berlin, 10117, Deutschland	52.5248874	13.3943844922063	attraction
Neue Wache, 4, Unter den Linden, Scheunenviertel, Mitte, Berlin, 10117, Deutschland	52.51790455	13.3955369863662	attraction
Neuer Wiesengraben, Berlin, Deutschland	52.4195816	13.5958214	ditch
Neues Kranzler-Eck, Charlottenburg, Charlottenburg-Wilmersdorf, Berlin, 10719, Deutschland	52.50432655	13.3300809944966	retail
Botschaft des Staates Israel, 74-76, Auguste-Viktoria-Straße, Grunewald, Charlottenburg-Wilmersdorf, Berlin, 14193, Deutschland	52.4834023	13.2886467485795	embassy
Nikolaiviertel, Propststraße, Scheunenviertel, Mitte, Alt-Berlin, Berlin, 10178, Deutschland	52.5167561	13.4066460127171	attraction
Nordische Botschaften/Adenauer Stiftung, Klingelhöferstraße, Tiergarten, Mitte, Berlin, 10785, Deutschland	52.5091563	13.3512071	bus_stop
Oberbaumbrücke, Kreuzberg, Friedrichshain-Kreuzberg, Berlin, 10243, Deutschland	52.5011978	13.4450029	secondary
Österreichische Botschaft, 1, Stauffenbergstraße, Tiergarten, Mitte, Berlin, 10785, Deutschland	52.50948245	13.3636795879136	embassy
Olympiastadion Berlin, 3, Olympischer Platz, Westend, Charlottenburg-Wilmersdorf, Berlin, 14053, Deutschland	52.51467945	13.2395146740786	stadium
Oranienburger Straße, Reinickendorf, Berlin, 13437, Deutschland	52.5780903	13.3329083	secondary
Palais am Festungsgraben, Mitte-Museum, 1, Am Festungsgraben, Scheunenviertel, Mitte, Berlin, 10117, Deutschland	52.51879995	13.3958051918199	yes
Palais Schwerin, Mühlendamm, Scheunenviertel, Mitte, Berlin, 10179, Deutschland	52.5157022	13.4082961235017	yes
Pariser Platz, Unter den Linden, Mitte, Berlin, 10117, Deutschland	52.5163528	13.378686420054	square
Parochialkirche, 66, Klosterstraße, Scheunenviertel, Mitte, Berlin, 10179, Deutschland	52.51702425	13.4129978633232	place_of_worship
Paul-Löbe-Haus, 1, Platz der Republik, Tiergarten, Mitte, Berlin, 10557, Deutschland	52.5202	13.3748029477353	attraction
Pfaueninsel, Uferpromenade, Wannsee, Steglitz-Zehlendorf, Berlin, 14109, Deutschland	52.43526975	13.1302850928919	nature_reserve
Pfefferberg, Christinenstraße, Prenzlauer Berg, Pankow, Berlin, 10119, Deutschland	52.5319209	13.4104477	chimney
Philharmonie, 1, Herbert-von-Karajan-Straße, Tiergarten, Mitte, Berlin, 10785, Deutschland	52.51000235	13.3696067444446	attraction
Postfuhramt (Baustelle), 35-36, Oranienburger Straße, Scheunenviertel, Mitte, Berlin, 10117, Deutschland	52.525712	13.3930156729155	yes
Gartenschule, Jenneweg, Spandau, Berlin, 13583, Deutschland	52.53982635	13.1927646141314	garden
Potsdamer Platz, Mitte, Berlin, 10117, Deutschland	52.5087317	13.3770476	secondary
Prater Merkur Spielothek, 6, Nollendorfplatz, Schöneberg, Tempelhof-Schöneberg, Berlin, 10777, Deutschland	52.4990086	13.353119	gambling
Prinzessinnenpalais, Oberwallstraße, Scheunenviertel, Mitte, Berlin, 10117, Deutschland	52.5170551	13.3963960876116	yes
Rathaus Schöneberg, 1, John-F.-Kennedy-Platz, Schöneberg, Tempelhof-Schöneberg, Berlin, 10825, Deutschland	52.4848252	13.3441027481671	townhall
Reichstag, Kleine Querallee, Tiergarten, Mitte, Berlin, 10557, Deutschland	52.517704	13.374914	bicycle_rental
Riehmers Hofgarten, Kreuzberg, Friedrichshain-Kreuzberg, Berlin, 10965, Deutschland	52.49246695	13.3843219488833	neighbourhood
Rotes Rathaus, Rathausstraße, Scheunenviertel, Mitte, Alt-Berlin, Berlin, 10178, Deutschland	52.5182951	13.408534	townhall
Kulturhaus der Russischen Botschaft, Wilhelmstraße, Mitte, Berlin, 10117, Deutschland	52.5148817	13.382390476283	community_centre
S-Bahnhof Hackescher Markt, Am Zwirngraben, Scheunenviertel, Mitte, Alt-Berlin, Berlin, 10178, Deutschland	52.52263785	13.4023791054863	yes
Schaubühne am Lehniner Platz, 153, Kurfürstendamm, Wilmersdorf, Charlottenburg-Wilmersdorf, Berlin, 10709, Deutschland	52.4986606	13.3022747	theatre
Scheunenviertel, Mitte, Berlin, 10119, Deutschland	52.5257131	13.4080013	neighbourhood
Schloss Charlottenburg, Spandauer Damm, Charlottenburg, Charlottenburg-Wilmersdorf, Berlin, 14059, Deutschland	52.52063055	13.2926946592777	museum
Schloss Friedrichsfelde, Enckevortweg, Friedrichsfelde, Lichtenberg, Berlin, 10319, Deutschland	52.504681	13.52358035	attraction
Schloss Glienicke, Königstraße, Wannsee, Steglitz-Zehlendorf, Berlin, 14109, Deutschland	52.41389865	13.095440437447	attraction
Schloss Köpenick, Schloßhof, Köpenick, Treptow-Köpenick, Berlin, 12557, Deutschland	52.44386475	13.5727419249059	attraction
Schloss Schönhausen, 1, Tschaikowskistraße, Niederschönhausen, Pankow, Berlin, 13156, Deutschland	52.57835465	13.40568715	museum
Humboldt-Schloss, Adelheidallee, Tegel, Reinickendorf, Berlin, 13507, Deutschland	52.59508935	13.2763410658468	castle
Schloßbrücke, Scheunenviertel, Mitte, Berlin, 10117, Deutschland	52.5175672	13.3981842	primary
Botschaft Ecuador, 12, Joachimsthaler Straße, Charlottenburg, Charlottenburg-Wilmersdorf, Berlin, 10719, Deutschland	52.5026042	13.3308475	embassy
Shell-Haus, 70, Reichpietschufer, Tiergarten, Mitte, Berlin, 10785, Deutschland	52.5062807	13.3637038100314	yes
Schillerpark-Siedlung, Oxforder Straße, Afrikanisches Viertel, Wedding, Mitte, Berlin, 13349, Deutschland	52.56004765	13.3497266878785	UNESCO_world_heritage
Schillerpromenade, Oberschöneweide, Treptow-Köpenick, Berlin, 12459, Deutschland	52.4617707	13.5169269	residential
Siegessäule, Großer Stern, Tiergarten, Mitte, Berlin, 10557, Deutschland	52.5145075	13.3501115	viewpoint
Siemensstadt, Spandau, Berlin, Deutschland	52.5398082	13.2568934	administrative
Denkmal für die im Nationalsozialismus ermordeten Sinti und Roma, Simsonweg, Tiergarten, Mitte, Berlin, 10557, Deutschland	52.51732805	13.3760438564956	memorial
Skywalk Marzahner Promenade, Raoul-Wallenberg-Straße, Marzahn, Marzahn-Hellersdorf, Berlin, 12679, Deutschland	52.5468238	13.5586028	viewpoint
Sony Center, Bellevuestraße, Tiergarten, Mitte, Berlin, 10785, Deutschland	52.5105688	13.372474456732	attraction
Sophienkirche, Sophienstraße, Scheunenviertel, Mitte, Alt-Berlin, Berlin, 10178, Deutschland	52.5255504	13.4002009467714	place_of_worship
Sophienstraße, Scheunenviertel, Mitte, Alt-Berlin, Berlin, 10178, Deutschland	52.5256496	13.4007773	residential
Sowjetisches Ehrenmal Tiergarten, Straße des 17. Juni, Tiergarten, Mitte, Berlin, 10557, Deutschland	52.5166949	13.3719226140702	attraction
Spittelmarkt, Scheunenviertel, Mitte, Berlin, 10117, Deutschland	52.5120312	13.4027337	primary
Spreebogen, Straße der Erinnerung, Moabit, Mitte, Berlin, 10557, Deutschland	52.52364875	13.3468243025224	yes
Hedwigskirche, 3, Hinter der Katholischen Kirche, Scheunenviertel, Mitte, Berlin, 10117, Deutschland	52.5157525	13.3948456530806	place_of_worship
St. Marienkirche, Karl-Liebknecht-Straße, Scheunenviertel, Mitte, Alt-Berlin, Berlin, 10178, Deutschland	52.52056215	13.4072100229457	place_of_worship
Sankt Matthäus-Kirche, Matthäikirchplatz, Tiergarten, Mitte, Berlin, 10785, Deutschland	52.5079452	13.3674628993303	place_of_worship
St. Peter und Paul, 17, Nikolskoer Weg, Wannsee, Steglitz-Zehlendorf, Berlin, 14109, Deutschland	52.4247189	13.1176432171809	place_of_worship
Staatsoper Unter den Linden, 7, Unter den Linden, Scheunenviertel, Mitte, Berlin, 10117, Deutschland	52.516592	13.394702	theatre
ehemaliges Staatsratsgebäude, Schloßplatz, Scheunenviertel, Mitte, Alt-Berlin, Berlin, 10178, Deutschland	52.5156891	13.401383148029	yes
ehem. Kunsthaus Tacheles, Oranienburger Straße, Scheunenviertel, Mitte, Berlin, 10117, Deutschland	52.52571855	13.3889262540691	yes
Tauentzienstraße, Charlottenburg, Charlottenburg-Wilmersdorf, Berlin, 10789, Deutschland	52.5044104	13.3361293	secondary
Tegeler Hafen, Tegel, Reinickendorf, Berlin, 13507, Deutschland	52.59103395	13.2802273401155	basin
Tempelhofer Feld, ehemalige Start- und Landebahn Süd, Tempelhof, Tempelhof-Schöneberg, Berlin, 12099, Deutschland	52.4729578	13.4027557	park
Tempodrom, 10, Möckernstraße, Kreuzberg, Friedrichshain-Kreuzberg, Berlin, 10963, Deutschland	52.5016012	13.381202932272	yes
Teufelsberg, Berlin, Deutschland	52.4976384	13.2424443	peak
Theater des Westens ( Von 19:00 bis 23:00 Uhr ), Kantstraße, Charlottenburg, Charlottenburg-Wilmersdorf, Berlin, 10623, Deutschland	52.5055238	13.3291329	taxi
Tiergarten, Mitte, Berlin, Deutschland	52.5097776	13.3572597	administrative
Tierpark Berlin, 125, Am Tierpark, Friedrichsfelde, Lichtenberg, Berlin, 10319, Deutschland	52.5013985	13.5309196141259	zoo
Trabrennbahn Mariendorf Rennbahn, Mariendorfer Damm, Mariendorf, Tempelhof-Schöneberg, Berlin, 12107, Deutschland	52.42901895	13.3919412218239	track
Tränenpalast, 17, Reichstagufer, Mitte, Berlin, 10117, Deutschland	52.5208473	13.3870786281814	museum
BVG-Hauptverwaltung, An der Michaelbrücke, Scheunenviertel, Mitte, Berlin, 10179, Deutschland	52.5133906	13.4230556268696	yes
U-Bhf Wittenbergplatz, Wittenbergplatz, Schöneberg, Tempelhof-Schöneberg, Berlin, 10789, Deutschland	52.50183185	13.3429417896353	yes
Ufa Fabrik, Viktoriastraße, Tempelhof, Tempelhof-Schöneberg, Berlin, 12105, Deutschland	52.4544792	13.3822263459245	theatre
UdK Berlin, Abbestraße, Charlottenburg, Charlottenburg-Wilmersdorf, Berlin, 10587, Deutschland	52.51711305	13.3218815221319	university
Unter den Linden, Scheunenviertel, Mitte, Berlin, 10117, Deutschland	52.5175672	13.3981842	primary
Viktoriapark, Am Weinhang, Viktoria-Quartier, Kreuzberg, Friedrichshain-Kreuzberg, Berlin, 10965, Deutschland	52.48746645	13.3808225577884	park
Volkspark Friedrichshain, Am Friedrichshain, Kollwitzkiez, Prenzlauer Berg, Pankow, Berlin, 10249, Deutschland	52.52720525	13.4322380876594	park
Volkspark Hasenheide, Hasenheide, Graefekiez, Kreuzberg, Friedrichshain-Kreuzberg, Berlin, 10967, Deutschland	52.48453675	13.4167137225911	park
Volkspark Humboldthain, Gesundbrunnen, Mitte, Berlin, 13357, Deutschland	52.5473813	13.3849262	footway
Waldbühne, 1, Am Glockenturm, Westend, Charlottenburg-Wilmersdorf, Berlin, 14053, Deutschland	52.51554725	13.2295249239271	theatre
Waldfriedhof Zehlendorf, Nikolassee, Steglitz-Zehlendorf, Berlin, 14129, Deutschland	52.4231148	13.2123050612701	cemetery
Wannsee, Steglitz-Zehlendorf, Berlin, Deutschland	52.4211482	13.1589374	administrative
Urania-Weltzeituhr, Alexanderplatz, Scheunenviertel, Mitte, Alt-Berlin, Berlin, 10178, Deutschland	52.5211643	13.4133013	attraction
Werderscher Markt, Scheunenviertel, Mitte, Berlin, 10117, Deutschland	52.5152415	13.3971057	tertiary
Wilhelmstraße, Mitte, Berlin, 10117, Deutschland	52.5117847	13.3832509	secondary
Wohnstadt Carl Legien, Erich-Weinert-Straße, Kollwitzkiez, Prenzlauer Berg, Pankow, Berlin, 10409, Deutschland	52.5463215	13.4322972969321	UNESCO_world_heritage
Zeiss-Großplanetarium, 80, Prenzlauer Allee, Kollwitzkiez, Prenzlauer Berg, Pankow, Berlin, 10405, Deutschland	52.54304985	13.4281363148655	attraction
Zentralfriedhof Friedrichsfelde, Lichtenberg, Berlin, 10315, Deutschland	52.5189183	13.5133659590538	cemetery
Zeughaus, Am Zeughaus, Scheunenviertel, Mitte, Berlin, 10117, Deutschland	52.5180987	13.3975001390468	yes
Zionskirche, 1, Zionskirchstraße, Scheunenviertel, Mitte, Berlin, 10119, Deutschland	52.53464745	13.4037357364744	place_of_worship
Zitadelle Spandau, 64, Am Juliusturm, Haselhorst, Spandau, Berlin, 13599, Deutschland	52.54103915	13.2127491939836	castle
Zoo Berlin, 8, Hardenbergplatz, Charlottenburg, Charlottenburg-Wilmersdorf, Berlin, 10787, Deutschland	52.50844715	13.3391410713761	zoo